{"changelist":15833622,"kvp_buffer_size":32768,"kvp_buffer_used":5939,"kvp_buffer_used_percent":18,"platform":"pc","project":"iw9","builder":"CT-VM-30305","build_exe_datetime":"Aug 31 2023 07:29:13","build_number":"15833622 2023-08-31 07:49:43","compiler_toolchain_version":"v142","crash_archive_time_ms":291,"crash_handling_last_step":"#x0199c807d82acb60d","crash_signature":"0CBC1D5F-4B5DCF22-25F76BF3-6205D175","db_last_ff_pause":"eng_ingame","db_last_ff_pause_op":"Unpause","db_last_patch_file0":"<none>","db_last_patch_file1":"<none>","db_zone_last_ff":"techsets_mp_arn_zone1","db_zone_last_ff_load_type":"Regular","dlog_executable_run_sent":true,"dlog_session_start_sent":true,"engine_runtime_total_fg_ms":354317,"executable_name":"game_ship.exe","fileio_open_id0":"codhq_shader_default.xpak","fov_ads":"affected","fov_first_person":110,"fov_third_person":80,"fov_vehicle":"Default","gamemode":"none","gamevars_short_version":"1694797245.pl.G.bnet","language_code":"eng","language_desired_code":"eng","last_com_error":"#x47d9c565dc9223c2b#\n\n(#x47d9c565dc9223c2b)## | ##BLZBNTBGS000003F8#","last_com_error_time":245038,"last_error_message":"Connection to the Blizzard game server has been lost. Please exit and try again.\n\nError Code:  #BLZBNTBGS000003F8#","last_error_title":"Error","live_bnet_country_code":"US","live_igr":false,"live_igr_paid":false,"lui_init":"vm:0000024A78828E88,fe:0,gt:0,ali:0,ms:0,il:0,ci:0,xp:0,xps:0,sl:0,cp:0,fo:0","os_windows_vidmem_manager_fix":true,"own_base_game":true,"party_size":1,"pc_firstparty":"bnet","pc_boot_last_step":"#x0ffffffffffffffff","perforce_branch":"live","perforce_depot":"iw9","pin_alloc_total_arena_size":2147483648,"pin_alloc_total_arena_used":227193952,"pin_alloc_buddy_arena_size":1879048192,"pin_alloc_buddy_arena_used":39583744,"pin_alloc_subpage_arena_size":268435456,"pin_alloc_subpage_arena_used":187610208,"region_code":"ww","telescope_content":"eula_codaccount","ui_menu_stack":"|MainLockoutMenu|","ui_menu_history":"|pop popup_signin_error|push popup_signin_error|pop MainMenu|push MainMenu|push MainLockoutMenu|","ui_menu_history_timestamps":"|260070|254707|254706|254705|254211|","ui_draw_list_max_size":32768,"ui_draw_list_size":1424,"ui_draw_list_usage":4345,"ui_elements_count":28,"ui_elements_limit":7000,"ui_element_usage":400,"ui_last_event":"grid_size_updated","ui_last_pcall":"local UIRootFull:QueueInput","ui_last_menu":"popup_signin_error","ui_memory_limit":96256,"ui_memory_lua_limit":52839,"ui_memory_lua_usage":93183,"ui_memory_lua_used":49237,"ui_memory_lua_used_max":49237,"ui_memory_usage":54894,"ui_memory_used":52839,"ui_memory_used_max":52839,"ui_models_count":4230,"ui_models_limit":33750,"ui_models_subs_count":8,"ui_models_subs_holder_count":3,"ui_models_subs_holder_limit":3000,"ui_models_subs_holder_usage":100,"ui_models_subs_limit":3000,"ui_models_subs_usage":266,"ui_models_usage":12533,"ui_tween_count":1,"ui_tween_limit":1200,"ui_tween_usage":83,"visual_studio_version":"Visual Studio 19.29.30145.00","watchdg_main_thrd_timeout_ms":90000,"win_error_report_status":"0x00000000","extch_perf_commit_limit_mb":32359,"extch_perf_commit_peak_mb":42020,"extch_perf_commit_total_mb":13701,"extch_perf_phys_avail_mb":7030,"extch_perf_phys_total_mb":16179,"extch_perf_system_cache_mb":1477,"extch_perf_kernel_paged_mb":559,"extch_perf_kernel_nopaged_mb":926,"extch_perf_kernel_total_mb":1485,"extch_perf_page_size":4096,"extch_perf_handle_count":115186,"extch_perf_process_count":266,"extch_perf_thread_count":4036,"extch_pmem_page_fault_count":6881305,"extch_pmem_working_set_sz_mb":0,"extch_pmem_paged_pool_use_mb":0,"extch_pmem_nopaged_pool_use_mb":0,"extch_pmem_page_file_use_mb":0,"extch_pmem_peak_wrkngset_sz_mb":4609,"extch_pmem_peak_pgdpool_use_mb":1,"extch_pmem_peak_nopgdpl_use_mb":32,"extch_pmem_peak_pgdfile_use_mb":6438,"extch_hw_baseboard_manufact":"Alienware","extch_hw_baseboard_product":"03R2RY","extch_hw_baseboard_version":"A00","extch_hw_bios_version":"2.18.0","extch_hw_bios_release_date":"02/14/2023","extch_hw_cpu_microcode_ver":"00 00 00 00 FFFFFFF0 00 00 00","extch_hw_cpu_bios_mcrcode_ver":"00 00 00 00 FFFFFFF0 00 00 00","extch_hw_cpu_family_model":"Intel64 Family 6 Model 158 Stepping 10","extch_hw_cpu_plat_spec_field_1":32,"extch_hw_cpu_feature_set":823869439,"extch_hw_cpu_frequency":2208,"extch_os_win_info_version":"2009","extch_os_win_info_build":"22621","extch_os_win_info_family":"Windows 10 Home","extch_os_win_info":"Windows 10 Home, Version 2009, ( OS Build 22621 )","extch_user_feedback_received":false}