UsedInCrashSignature,FrameIndex,FrameAddress,FrameAdjustedAddress,ModuleBaseAddress,ModuleName
0,15,0x00007FF9EE9451B0,0x00000000000551B0,0x00007FF9EE8F0000,C:\WINDOWS\SYSTEM32\ntdll.dll
0,14,0x00007FF9EBDA4B2D,0x0000000000044B2D,0x00007FF9EBD60000,C:\WINDOWS\System32\KERNELBASE.dll
1,13,0x00007FF7D792AAA8,0x000000000840AAA8,0x00007FF7CF520000,D:\Call of Duty\_retail_\cod.exe
1,12,0x00007FF7D4C857BD,0x00000000057657BD,0x00007FF7CF520000,D:\Call of Duty\_retail_\cod.exe
1,11,0x00007FF7D4C8666F,0x000000000576666F,0x00007FF7CF520000,D:\Call of Duty\_retail_\cod.exe
1,10,0x00007FF7D4C8499E,0x000000000576499E,0x00007FF7CF520000,D:\Call of Duty\_retail_\cod.exe
1,9,0x00007FF7D185B86B,0x000000000233B86B,0x00007FF7CF520000,D:\Call of Duty\_retail_\cod.exe
1,8,0x00007FF7D1856769,0x0000000002336769,0x00007FF7CF520000,D:\Call of Duty\_retail_\cod.exe
1,7,0x00007FF7D185622D,0x000000000233622D,0x00007FF7CF520000,D:\Call of Duty\_retail_\cod.exe
1,6,0x00007FF7D29153C8,0x00000000033F53C8,0x00007FF7CF520000,D:\Call of Duty\_retail_\cod.exe
0,5,0x00007FF7D290FDB7,0x00000000033EFDB7,0x00007FF7CF520000,D:\Call of Duty\_retail_\cod.exe
0,4,0x00007FF7D34D927A,0x0000000003FB927A,0x00007FF7CF520000,D:\Call of Duty\_retail_\cod.exe
0,3,0x00007FF7D7955262,0x0000000008435262,0x00007FF7CF520000,D:\Call of Duty\_retail_\cod.exe
0,2,0x00007FF9ECC8257D,0x000000000001257D,0x00007FF9ECC70000,C:\WINDOWS\System32\KERNEL32.DLL
0,1,0x00007FF9EE94AA68,0x000000000005AA68,0x00007FF9EE8F0000,C:\WINDOWS\SYSTEM32\ntdll.dll
#,,,,,Number of frames captured: 15
#,,,,,Crash signature generated - based on 8 frames : 0CBC1D5F-4B5DCF22-25F76BF3-6205D175
