{
	"filesize_unit": "bytes",
	"dump.dmp": 1484414,
	"procstats.csv": 5669,
	"feedback.txt": 44,
	"info.json": 8413,
	"stacktrace_crash.csv": 508,
	"config.cfg": 3910,
	"settings.iw9": 0,
	"options.3.cod22.cst": 10922,
	"options.CP.3.cod22.cst": 3,
	"options.DMZ.3.cod22.cst": 3,
	"options.MP.3.cod22.cst": 3,
	"options.SP.3.cod22.cst": 3,
	"options.BR.3.cod22.cst": 3,
	".build.info": 857,
	".flavor.info": 29,
	"bc.log": 0,
	"bootlog.txt": 1717,
	"dxdiag_oncrash.txt": 136078
}
