{"project":"bootstrapper","platform":"pc","changelist":1,"exception_code":-1,"win32_error":183,"first_party_platform":1,"driver_digest_1":"320CBAA1633E53178875359B08FAE1B2","driver_digest_2":"225DE9EE4E590C993ACE1DECBFB0B0B3","game_digest_1":"DDAB8C94D7CC5A5F4BC39C6D37A2A468","game_digest_2":"00000000000000000000000000000000","service_name":"atvi-geirdriful","extch_perfinfo_commit_limit_mb":57139,"extch_perfinfo_commit_peak_mb":25472,"extch_perfinfo_commit_total_mb":14276,"extch_perfinfo_physical_available_mb":9465,"extch_perfinfo_physical_total_mb":16179,"extch_perfinfo_system_cache_mb":5450,"extch_perfinfo_kernel_paged_mb":648,"extch_perfinfo_kernel_nonpaged_mb":740,"extch_perfinfo_kernel_total_mb":1388,"extch_perfinfo_page_size":4096,"extch_perfinfo_handle_count":98926,"extch_perfinfo_process_count":214,"extch_perfinfo_thread_count":2977,"extch_procmem_page_fault_count":1787,"extch_procmem_working_set_size_mb":6,"extch_procmem_paged_pool_usage_mb":0,"extch_procmem_non_paged_pool_usage_mb":0,"extch_procmem_page_file_usage_mb":1,"extch_procmem_peak_working_set_size_mb":6,"extch_procmem_peak_paged_pool_usage_mb":0,"extch_procmem_peak_non_paged_pool_usage_mb":0,"extch_procmem_peak_page_file_usage_mb":1,"extch_hw_baseboard_manufacturer":"Alienware","extch_hw_baseboard_product":"03R2RY","extch_hw_baseboard_version":"A00","extch_hw_bios_version":"2.17.0","extch_hw_bios_release_date":"12/13/2022","extch_hw_cpu_microcode_version":"00 00 00 00 FFFFFFF0 00 00 00","extch_hw_cpu_bios_microcode_version":"00 00 00 00 FFFFFFF0 00 00 00","extch_hw_cpu_family_and_model":"Intel64 Family 6 Model 158 Stepping 10","extch_hw_cpu_platform_specific_field_1":32,"extch_hw_cpu_feature_set":1025196031,"extch_hw_cpu_frequency":2208,"extch_os_windows_info_version":"2009","extch_os_windows_info_build":"22621","extch_os_windows_info_family":"Windows 10 Home","extch_os_windows_info":"Windows 10 Home, Version 2009, ( OS Build 22621 )"}