UsedInCrashSignature,FrameIndex,FrameAddress,FrameAdjustedAddress,ModuleBaseAddress,ModuleName
0,15,0x00007FF844B7051C,0x000000000009051C,0x00007FF844AE0000,C:\WINDOWS\System32\KERNELBASE.dll
1,14,0x00007FF62AF5746F,0x000000000413746F,0x00007FF626E20000,D:\Call of Duty\_retail_\cod.exe
1,13,0x00007FF628DDEC52,0x0000000001FBEC52,0x00007FF626E20000,D:\Call of Duty\_retail_\cod.exe
1,12,0x00007FF62AF56D87,0x0000000004136D87,0x00007FF626E20000,D:\Call of Duty\_retail_\cod.exe
1,11,0x00007FF62BDF6C0C,0x0000000004FD6C0C,0x00007FF626E20000,D:\Call of Duty\_retail_\cod.exe
1,10,0x00007FF62BDF1CAB,0x0000000004FD1CAB,0x00007FF626E20000,D:\Call of Duty\_retail_\cod.exe
1,9,0x00007FF62BF83DC7,0x0000000005163DC7,0x00007FF626E20000,D:\Call of Duty\_retail_\cod.exe
1,8,0x00007FF62A3A142C,0x000000000358142C,0x00007FF626E20000,D:\Call of Duty\_retail_\cod.exe
1,7,0x00007FF62A38201A,0x000000000356201A,0x00007FF626E20000,D:\Call of Duty\_retail_\cod.exe
0,6,0x00007FF62AF6413B,0x000000000414413B,0x00007FF626E20000,D:\Call of Duty\_retail_\cod.exe
0,5,0x00007FF62AF58CCC,0x0000000004138CCC,0x00007FF626E20000,D:\Call of Duty\_retail_\cod.exe
0,4,0x00007FF62B03C748,0x000000000421C748,0x00007FF626E20000,D:\Call of Duty\_retail_\cod.exe
0,3,0x00007FF63002DF42,0x000000000920DF42,0x00007FF626E20000,D:\Call of Duty\_retail_\cod.exe
0,2,0x00007FF8460626BD,0x00000000000126BD,0x00007FF846050000,C:\WINDOWS\System32\KERNEL32.DLL
0,1,0x00007FF84744DFB8,0x000000000005DFB8,0x00007FF8473F0000,C:\WINDOWS\SYSTEM32\ntdll.dll
#,,,,,Number of frames captured: 15
#,,,,,Crash signature generated - based on 8 frames : 195A2925-979B1FF0-C3CFBEC0-58ED0844
