UsedInCrashSignature,FrameIndex,FrameAddress,FrameAdjustedAddress,ModuleBaseAddress,ModuleName
0,40,0x00007FF8AAFC4B2C,0x0000000000064B2C,0x00007FF8AAF60000,C:\WINDOWS\System32\KERNELBASE.dll
1,39,0x00007FF611F37EDF,0x0000000008E07EDF,0x00007FF609130000,D:\Call of Duty\_retail_\cod.exe
1,38,0x00007FF611F37D27,0x0000000008E07D27,0x00007FF609130000,D:\Call of Duty\_retail_\cod.exe
1,37,0x00007FF611F37956,0x0000000008E07956,0x00007FF609130000,D:\Call of Duty\_retail_\cod.exe
1,36,0x00007FF611F3810C,0x0000000008E0810C,0x00007FF609130000,D:\Call of Duty\_retail_\cod.exe
1,35,0x00007FF60B7E0858,0x00000000026B0858,0x00007FF609130000,D:\Call of Duty\_retail_\cod.exe
1,34,0x00007FF60B7E1031,0x00000000026B1031,0x00007FF609130000,D:\Call of Duty\_retail_\cod.exe
1,33,0x00007FF60B80E838,0x00000000026DE838,0x00007FF609130000,D:\Call of Duty\_retail_\cod.exe
1,32,0x00007FF60B80ED06,0x00000000026DED06,0x00007FF609130000,D:\Call of Duty\_retail_\cod.exe
0,31,0x00007FF60B80E8C3,0x00000000026DE8C3,0x00007FF609130000,D:\Call of Duty\_retail_\cod.exe
0,30,0x00007FF60B5B60F7,0x00000000024860F7,0x00007FF609130000,D:\Call of Duty\_retail_\cod.exe
0,29,0x00007FF60B3CC4B8,0x000000000229C4B8,0x00007FF609130000,D:\Call of Duty\_retail_\cod.exe
0,28,0x00007FF60B3CC51E,0x000000000229C51E,0x00007FF609130000,D:\Call of Duty\_retail_\cod.exe
0,27,0x00007FF60B3CC51E,0x000000000229C51E,0x00007FF609130000,D:\Call of Duty\_retail_\cod.exe
0,26,0x00007FF60B3CC51E,0x000000000229C51E,0x00007FF609130000,D:\Call of Duty\_retail_\cod.exe
0,25,0x00007FF60B3CC51E,0x000000000229C51E,0x00007FF609130000,D:\Call of Duty\_retail_\cod.exe
0,24,0x00007FF60B3CC51E,0x000000000229C51E,0x00007FF609130000,D:\Call of Duty\_retail_\cod.exe
0,23,0x00007FF60B3CC51E,0x000000000229C51E,0x00007FF609130000,D:\Call of Duty\_retail_\cod.exe
0,22,0x00007FF60B3CC51E,0x000000000229C51E,0x00007FF609130000,D:\Call of Duty\_retail_\cod.exe
0,21,0x00007FF60B3CC51E,0x000000000229C51E,0x00007FF609130000,D:\Call of Duty\_retail_\cod.exe
0,20,0x00007FF60B3CC51E,0x000000000229C51E,0x00007FF609130000,D:\Call of Duty\_retail_\cod.exe
0,19,0x00007FF60B3CFA7F,0x000000000229FA7F,0x00007FF609130000,D:\Call of Duty\_retail_\cod.exe
0,18,0x00007FF60B3EF767,0x00000000022BF767,0x00007FF609130000,D:\Call of Duty\_retail_\cod.exe
0,17,0x00007FF60B407CBB,0x00000000022D7CBB,0x00007FF609130000,D:\Call of Duty\_retail_\cod.exe
0,16,0x00007FF60B407AD1,0x00000000022D7AD1,0x00007FF609130000,D:\Call of Duty\_retail_\cod.exe
0,15,0x00007FF60E741A5A,0x0000000005611A5A,0x00007FF609130000,D:\Call of Duty\_retail_\cod.exe
0,14,0x00007FF60E768C7F,0x0000000005638C7F,0x00007FF609130000,D:\Call of Duty\_retail_\cod.exe
0,13,0x00007FF60DAE0415,0x00000000049B0415,0x00007FF609130000,D:\Call of Duty\_retail_\cod.exe
0,12,0x00007FF6101C36AD,0x00000000070936AD,0x00007FF609130000,D:\Call of Duty\_retail_\cod.exe
0,11,0x00007FF610EE2913,0x0000000007DB2913,0x00007FF609130000,D:\Call of Duty\_retail_\cod.exe
0,10,0x00007FF60E045A95,0x0000000004F15A95,0x00007FF609130000,D:\Call of Duty\_retail_\cod.exe
0,9,0x00007FF60E060D9D,0x0000000004F30D9D,0x00007FF609130000,D:\Call of Duty\_retail_\cod.exe
0,8,0x00007FF60DD8095C,0x0000000004C5095C,0x00007FF609130000,D:\Call of Duty\_retail_\cod.exe
0,7,0x00007FF60DD80365,0x0000000004C50365,0x00007FF609130000,D:\Call of Duty\_retail_\cod.exe
0,6,0x00007FF60C89A741,0x000000000376A741,0x00007FF609130000,D:\Call of Duty\_retail_\cod.exe
0,5,0x00007FF60C88F66A,0x000000000375F66A,0x00007FF609130000,D:\Call of Duty\_retail_\cod.exe
0,4,0x00007FF60D550FA7,0x0000000004420FA7,0x00007FF609130000,D:\Call of Duty\_retail_\cod.exe
0,3,0x00007FF6123E3CE2,0x00000000092B3CE2,0x00007FF609130000,D:\Call of Duty\_retail_\cod.exe
0,2,0x00007FF8AC7926AD,0x00000000000126AD,0x00007FF8AC780000,C:\WINDOWS\System32\KERNEL32.DLL
0,1,0x00007FF8AD80AA68,0x000000000005AA68,0x00007FF8AD7B0000,C:\WINDOWS\SYSTEM32\ntdll.dll
#,,,,,Number of frames captured: 40
#,,,,,Crash signature generated - based on 8 frames : D749A94C-68E741A7-A04D1128-39B2EEB1
