{"changelist":14965072,"kvp_buffer_size":32768,"kvp_buffer_used":6687,"kvp_buffer_used_percent":20,"platform":"pc","project":"iw9","toolname":"vanilla","bnet_bc_log_control":true,"builder":"CT-VM-30204","build_exe_datetime":"Jun 16 2023 09:13:36","build_number":"14965072 2023-06-16 09:37:24","client_manager_mode":1,"clients_viewpos":"(-1115 -817 -134) : -72 0","compiler_toolchain_version":"v142","connection_state":9,"controller_for_client":"0","crash_archive_time_ms":2284,"crashed_module_file":"win32u.dll","crashed_module_hash":"0xa51067de7dde4f53","crashed_module_version":"10.0.22621.1928","crash_handling_last_step":"#x0b7627d5f743398a9","crash_report_throttle_overr":"0.0100 ( 1.00 % )","crash_signature":"A14C9084-C6BA1A6E-92605199-FA0B69D4","crash_time":"2023-07-02 23:38:51(288ms) UTC","data_context_project":"#x466358787725a92f9","data_context_gamemode":"#x4727c7cfdb308ab77","data_version":15009954,"db_last_ff_pause":"mp_shipment_iw9","db_last_ff_pause_op":"Unpause","db_last_patch_file0":"<none>","db_last_patch_file1":"<none>","db_zone_last_ff":"techsets_mp_shipment_iw9","db_zone_last_ff_load_type":"ProcessingPreloaded","delta_version":67,"discord_overlay_active":false,"dlog_executable_run_sent":true,"dlog_session_start_sent":true,"dw_title_id":7000,"dxr_enabled":false,"engine_runtime":"[240, 300[","error_type":"native","exception_address":"0x00007FF9CD1C4B2C","exception_code":"0x00001337","exception_code_from_map_addr":"0x00007ff9cd595094","exception_type":"Watchdog Exception","executable_name":"game_ship.exe","ffotd_version":255,"fileio_open_id0":"mp_hd_helmet_mp_horangi_iw9_2_1_lod0_r15_tr.ff","fov_ads":"affected","fov_first_person":110,"fov_third_person":80,"fov_vehicle":"Default","fov_weapon":"Default","gamemode":"mp","gamevars_short_version":"1688317508.pl.G.bnet","hw_cpu_amd_phys_multi_thread":true,"hw_cpu_cores_logical":12,"hw_cpu_cores_physical":6,"hw_cpu_name":"Intel(R) Core(TM) i7-8750H CPU @ 2.20GHz","hw_cpu_vendor":"GenuineIntel","hw_gpu_core_max_fcty_clock":1845,"hw_gpu_core_max_meas_clock":1725,"hw_gpu_memory_max_fcty_clock":6001,"hw_gpu_memory_max_meas_clock":6001,"hw_gpu_overclocked":false,"hw_gpu_overclock_args_modif":false,"hw_gpu_dedi_system_memory":0,"hw_gpu_dedi_video_memory":8408530944,"hw_gpu_description":"NVIDIA GeForce RTX 2070 with Max-Q Design","hw_gpu_device_id":7952,"hw_gpu_driver_version":"535.98","hw_gpu_revision_id":161,"hw_gpu_shared_system_memory":8482746368,"hw_gpu_vendor_id":4318,"hw_gpu_vram_mb":8019,"hw_ram_mb":16180,"in_frontend":false,"language":"en","language_code":"eng","language_desired_code":"eng","live_bnet_country_code":"US","live_igr":false,"live_igr_paid":false,"local_client_count":1,"local_server_running":false,"lui_init":"vm:000002038F635788,fe:1,gt:2,ali:0,ms:0,il:1,ci:0,xp:0,xps:0,sl:0,cp:0,fo:0","map":"mp_shipment_iw9","map_name":"mp_shipment_iw9","own_base_game":true,"party_size":12,"pc_firstparty":"bnet","pc_boot_last_step":"#x0ffffffffffffffff","perforce_branch":"live","perforce_depot":"iw9","pin_alloc_total_arena_size":2147483648,"pin_alloc_total_arena_used":238295504,"pin_alloc_buddy_arena_size":1879048192,"pin_alloc_buddy_arena_used":47710208,"pin_alloc_subpage_arena_size":268435456,"pin_alloc_subpage_arena_used":190585296,"playlists_version":62,"protocol_version":134890495,"pso_cache_mechanism":1,"pso_preload_state":19,"pso_preload_reason":4,"pso_preload_game_mode":"#x4727c7cfdb308ab77","pso_preload_curr_build_flags":9,"pso_preload_remaining00":0,"pso_preload_remaining01":44,"pso_preload_remaining02":0,"pso_preload_remaining03":0,"pso_preload_remaining04":0,"pso_preload_remaining05":0,"pso_preload_remaining06":0,"pso_preload_remaining07":0,"pso_preload_remaining08":0,"pso_preload_remaining09":0,"pso_preload_built_flags00":-1,"pso_preload_built_flags01":0,"pso_preload_built_flags02":-1,"pso_preload_built_flags03":-1,"pso_preload_built_flags04":-1,"pso_preload_built_flags05":-1,"pso_preload_built_flags06":-1,"pso_preload_built_flags07":-1,"pso_preload_built_flags08":-1,"pso_preload_built_flags09":-1,"public_address":"E0F909D0-827E18F9-1D5713BB-56991956","region_code":"ww","strm_time_since_emerg_fflush":"[180, 240[","tactvfs_build_version":"1.16.2.14830367","tactvfs_interfaces_control":false,"tactvfs_in_use":true,"tactvfs_is_active":true,"tactvfs_is_shared_container":true,"tactvfs_is_using_armadillo":false,"tactvfs_product":"auks","taskgraph_options00":"0xe05f19ce","taskgraph_options01":"0x07ae527c","taskgraph_options02":"0x113ffec0","taskgraph_options03":"0xf67c686c","taskgraph_options04":"0xe6c70592","taskgraph_options05":"0xc5380c70","taskgraph_options06":"0x15180808","taskgraph_options07":"0x2f200208","taskgraph_options08":"0xd1040050","taskgraph_options09":"0x00140029","taskgraph_options10":"0x00000000","taskgraph_options11":"0x00000000","taskgraph_options12":"0x00000000","taskgraph_options13":"0x00000000","tdr_ddi_delay":10,"tdr_debug_mode":2,"tdr_delay":20,"tdr_level":3,"tdr_limit_count":5,"tdr_limit_time":60,"tdr_test_mode":4294967295,"telescope_content":"blank","time_since_last_focus_change":"[60, 120[","time_since_last_reconfig":"[240, 300[","ui_menu_stack":"|LoadoutOverview|MPPauseMenu|","ui_menu_history":"|push LoadoutOverview|push MPPauseMenu|","ui_menu_history_timestamps":"|248085|248085|","ui_draw_list_max_size":32768,"ui_draw_list_size":23968,"ui_draw_list_usage":73144,"ui_elements_count":29,"ui_elements_limit":7000,"ui_element_usage":414,"ui_last_event":"anchor_element_on_screen","ui_last_pcall":"global UIRoot0:IsMenuInStack","ui_last_menu":"LoadoutOverview","ui_memory_limit":79872,"ui_memory_lua_limit":39370,"ui_memory_lua_usage":92745,"ui_memory_lua_used":36514,"ui_memory_lua_used_max":36514,"ui_memory_usage":49291,"ui_memory_used":39370,"ui_memory_used_max":39370,"ui_models_count":2642,"ui_models_limit":33750,"ui_models_subs_count":3,"ui_models_subs_holder_count":2,"ui_models_subs_holder_limit":3000,"ui_models_subs_holder_usage":66,"ui_models_subs_limit":3000,"ui_models_subs_usage":100,"ui_models_usage":7828,"ui_root":13,"ui_tween_count":0,"ui_tween_limit":1200,"ui_tween_usage":0,"vidmem_available_mb":2187,"vidmem_budget_mb":4203,"vidmem_deficit_mb":0,"vidmem_expected_dedicated_mb":1343,"vidmem_expected_reserved_mb":0,"vidmem_expected_system_mb":387,"vidmem_sys_available_mb":6686,"vidmem_sys_budget_mb":7429,"vidmem_sys_deficit_mb":0,"vidmem_sys_high_watermark_mb":766,"vidmem_sys_used_mb":743,"vidmem_used_high_watermark_mb":2196,"vidmem_used_mb":2016,"visual_studio_version":"Visual Studio 19.29.30145.00","watchdg_win_thrd_timeout_ms":5000,"win_error_report_status":"0x00000000","window_state":"Borderless","xbox_game_bar_overlay_active":false,"xfile_ver":8286,"extch_perf_commit_limit_mb":25907,"extch_perf_commit_peak_mb":23067,"extch_perf_commit_total_mb":22354,"extch_perf_phys_avail_mb":3310,"extch_perf_phys_total_mb":16179,"extch_perf_system_cache_mb":3556,"extch_perf_kernel_paged_mb":544,"extch_perf_kernel_nopaged_mb":648,"extch_perf_kernel_total_mb":1193,"extch_perf_page_size":4096,"extch_perf_handle_count":92762,"extch_perf_process_count":221,"extch_perf_thread_count":3032,"extch_pmem_page_fault_count":7236459,"extch_pmem_working_set_sz_mb":4527,"extch_pmem_paged_pool_use_mb":1,"extch_pmem_nopaged_pool_use_mb":0,"extch_pmem_page_file_use_mb":6133,"extch_pmem_peak_wrkngset_sz_mb":5103,"extch_pmem_peak_pgdpool_use_mb":1,"extch_pmem_peak_nopgdpl_use_mb":0,"extch_pmem_peak_pgdfile_use_mb":6692,"extch_hw_baseboard_manufact":"Alienware","extch_hw_baseboard_product":"03R2RY","extch_hw_baseboard_version":"A00","extch_hw_bios_version":"2.18.0","extch_hw_bios_release_date":"02/14/2023","extch_hw_cpu_microcode_ver":"00 00 00 00 FFFFFFF0 00 00 00","extch_hw_cpu_bios_mcrcode_ver":"00 00 00 00 FFFFFFF0 00 00 00","extch_hw_cpu_family_model":"Intel64 Family 6 Model 158 Stepping 10","extch_hw_cpu_plat_spec_field_1":32,"extch_hw_cpu_feature_set":1025196031,"extch_hw_cpu_frequency":2208,"extch_os_win_info_version":"2009","extch_os_win_info_build":"22621","extch_os_win_info_family":"Windows 10 Home","extch_os_win_info":"Windows 10 Home, Version 2009, ( OS Build 22621 )","extch_user_feedback_received":false}