UsedInCrashSignature,FrameIndex,FrameAddress,FrameAdjustedAddress,ModuleBaseAddress,ModuleName
1,3,0x00007FF9CD595094,0x0000000000005094,0x00007FF9CD590000,C:\WINDOWS\System32\win32u.dll
1,2,0x00007FF94155C4CC,0x000000000008C4CC,0x00007FF9414D0000,C:\WINDOWS\SYSTEM32\D3D12Core.dll
0,1,0x000002291B017A60,0x0000000000000000,0x0000000000000000,<Impossible to analyze the frame>
#,,,,,Number of frames captured: 3
#,,,,,Crash signature generated - based on 2 frames : A14C9084-C6BA1A6E-92605199-FA0B69D4
