{"project":"bootstrapper","platform":"pc","changelist":1,"exception_code":-1,"win32_error":183,"first_party_platform":1,"driver_digest_1":"7EF83A05D29B5F1280F473E6222467C0","driver_digest_2":"8280ABB062938D3D4ED23CC470C98CC0","game_digest_1":"CF41CEDFA0DE0A79AE3968086A850516","game_digest_2":"00000000000000000000000000000000","service_name":"atvi-randgrid","extch_perfinfo_commit_limit_mb":43368,"extch_perfinfo_commit_peak_mb":20014,"extch_perfinfo_commit_total_mb":9871,"extch_perfinfo_physical_available_mb":9219,"extch_perfinfo_physical_total_mb":16179,"extch_perfinfo_system_cache_mb":5630,"extch_perfinfo_kernel_paged_mb":725,"extch_perfinfo_kernel_nonpaged_mb":777,"extch_perfinfo_kernel_total_mb":1502,"extch_perfinfo_page_size":4096,"extch_perfinfo_handle_count":114731,"extch_perfinfo_process_count":255,"extch_perfinfo_thread_count":3944,"extch_procmem_page_fault_count":1862,"extch_procmem_working_set_size_mb":6,"extch_procmem_paged_pool_usage_mb":0,"extch_procmem_non_paged_pool_usage_mb":0,"extch_procmem_page_file_usage_mb":1,"extch_procmem_peak_working_set_size_mb":6,"extch_procmem_peak_paged_pool_usage_mb":0,"extch_procmem_peak_non_paged_pool_usage_mb":0,"extch_procmem_peak_page_file_usage_mb":1,"extch_hw_baseboard_manufacturer":"Alienware","extch_hw_baseboard_product":"03R2RY","extch_hw_baseboard_version":"A00","extch_hw_bios_version":"2.18.0","extch_hw_bios_release_date":"02/14/2023","extch_hw_cpu_microcode_version":"00 00 00 00 FFFFFFF0 00 00 00","extch_hw_cpu_bios_microcode_version":"00 00 00 00 FFFFFFF0 00 00 00","extch_hw_cpu_family_and_model":"Intel64 Family 6 Model 158 Stepping 10","extch_hw_cpu_platform_specific_field_1":32,"extch_hw_cpu_feature_set":823869439,"extch_hw_cpu_frequency":2208,"extch_os_windows_info_version":"2009","extch_os_windows_info_build":"22621","extch_os_windows_info_family":"Windows 10 Home","extch_os_windows_info":"Windows 10 Home, Version 2009, ( OS Build 22621 )"}