{"changelist":15833622,"kvp_buffer_size":32768,"kvp_buffer_used":12334,"kvp_buffer_used_percent":37,"platform":"pc","project":"iw9","toolname":"vanilla","bnet_bc_log_control":true,"builder":"CT-VM-30305","build_exe_datetime":"Aug 31 2023 07:29:13","build_number":"15833622 2023-08-31 07:49:43","client_manager_mode":1,"compiler_toolchain_version":"v142","connection_state":0,"controller_for_client":"0","crash_archive_time_ms":5,"crashed_module_file":"ntdll.dll","crashed_module_hash":"0xc79a449c680a6349","crashed_module_version":"10.0.22621.2215","crash_handling_last_step":"#x0b7627d5f743398a9","crash_match_id":4165400877821257872,"crash_signature":"0CBC1D5F-4B5DCF22-25F76BF3-6205D175","crash_time":"2023-09-16 06:20:00(707ms) UTC","data_context_project":"#x466358787725a92f9","data_context_gamemode":"#x47a68ff2dd9e3fe20","data_version":15845294,"db_last_ff_pause":"mp_farm_18","db_last_ff_pause_op":"Unpause","db_last_patch_file0":"techsets_mp_frontend3.fp","db_last_patch_file1":"<none>","db_zone_last_ff":"techsets_mp_frontend3","db_zone_last_ff_load_type":"Regular","delta_version":102,"discord_overlay_active":false,"dlog_executable_run_sent":true,"dlog_session_id":11519119671992800446,"dlog_session_start_sent":true,"dxr_enabled":false,"engine_runtime":"[600, 660[","engine_runtime_total_fg_ms":630089,"error_type":"native","exception_address":"0x00007FFCFEC6531C","exception_code":"0x00001337","exception_code_from_map_addr":"0x00007ffd016af3d4","exception_type":"Watchdog Exception","executable_name":"game_ship.exe","ffotd_version":59,"fileio_open_id0":"cache_31_2.xpak","fov_ads":"affected","fov_first_person":110,"fov_third_person":80,"fov_vehicle":"Default","fov_weapon":"Default","gamemode":"none","gametime_sec":-1,"gamevars_short_version":"1694797245.pl.G.bnet","hw_cpu_amd_phys_multi_thread":true,"hw_cpu_cores_logical":12,"hw_cpu_cores_physical":6,"hw_cpu_name":"Intel(R) Core(TM) i7-8750H CPU @ 2.20GHz","hw_cpu_vendor":"GenuineIntel","hw_gpu_core_max_fcty_clock":1860,"hw_gpu_core_max_meas_clock":1534,"hw_gpu_memory_max_fcty_clock":6001,"hw_gpu_memory_max_meas_clock":6001,"hw_gpu_overclocked":false,"hw_gpu_overclock_args_modif":false,"hw_gpu_dedi_system_memory":0,"hw_gpu_dedi_video_memory":8408530944,"hw_gpu_description":"NVIDIA GeForce RTX 2070 with Max-Q Design","hw_gpu_device_id":7952,"hw_gpu_driver_version":"536.99","hw_gpu_revision_id":161,"hw_gpu_shared_system_memory":8482746368,"hw_gpu_vendor_id":4318,"hw_gpu_vram_mb":8019,"hw_ram_mb":16180,"in_frontend":true,"language":"en","language_code":"eng","language_desired_code":"eng","last_com_error":"#x47d9c565dc9223c2b#\n\n(#x47d9c565dc9223c2b)## | ##BLZBNTBGS000003F8#","last_com_error_time":532993,"last_error_message":"Connection to the Blizzard game server has been lost. Please exit and try again.\n\nError Code:  #BLZBNTBGS000003F8#","last_error_title":"Error","live_bnet_country_code":"US","live_igr":false,"live_igr_paid":false,"local_server_running":false,"lui_error_code":0,"lui_error_data":"ui/LUIButton.lua:473: attempt to index a nil value\nstack traceback:\n\tui/LUIButton.lua:473: in function 'RemoveActive'\n\tui/generated/menus/frontend/social/socialmenuhubandfriends.lua:379: in function ''\n\tui/LUIElement.lua:1566: in function 'm_eventHandlers'\n\tui/LUIElement.lua:1270: in function 'processEvent'\n\tui/LUIElement.lua:1381: in function 'm_eventHandlers'\n\tui/LUIElement.lua:1270: in function 'processEvent'\n\tui/utils/actions.lua:308: in function 'GainFocus'\n\tui/generated/widgets/frontend/social/socialmenulayoutnew.lua:471: in function 'GainInitialFocus'\n\tui/generated/widgets/frontend/social/socialmenulayoutnew.lua:593: in function 'm_eventHandlers'\n\tui/LUIElement.lua:1270: in function 'processEvent'\n\tui/LUIElement.lua:1381: in function 'm_eventHandlers'\n\t...\n\tui/LUIElement.lua:467: in function 'm_eventHandlers'\n\tui/LUIElement.lua:1270: in function 'm_eventHandlers'\n\tui/FlowManager.lua:3427: in function 'processEvent'\n\tui/LUIRoot.lua:543: in function 'ProcessEventNow'\n\tui/LUIRoot.lua:400: in function 'ProcessQueue'\n\tui/LUIRoot.lua:432: in function 'ProcessInputs'\n\tui/LUIRoot.lua:1780: in function 'm_eventHandlers'\n\tui/LUIElement.lua:1270: in function 'processEvent'\n\tui/LUIRoot.lua:603: in function 'ProcessEventNow'\n\tui/LUIRoot.lua:439: in function <ui/LUIRoot.lua:436>","lui_error_signature":"050FB480-07577C06-F3990B09-4E6C6508","lui_init":"vm:000002EB7B558E88,fe:0,gt:2,ali:0,ms:0,il:0,ci:0,xp:1,xps:0,sl:0,cp:0,fo:0","map_name":"mp_swap_meet","os_windows_vidmem_manager_fix":true,"own_base_game":true,"party_size":1,"pc_firstparty":"bnet","pc_boot_last_step":"#x0ffffffffffffffff","perforce_branch":"live","perforce_depot":"iw9","pin_alloc_total_arena_size":2147483648,"pin_alloc_total_arena_used":299771936,"pin_alloc_buddy_arena_size":1879048192,"pin_alloc_buddy_arena_used":74317824,"pin_alloc_subpage_arena_size":268435456,"pin_alloc_subpage_arena_used":225454112,"player_hand_index":0,"playlists_version":17,"protocol_version":148858427,"pso_cache_mechanism":1,"pso_preload_state":19,"pso_preload_reason":5,"pso_preload_game_mode":"#x4727c7cfdb308ab77","pso_preload_curr_build_flags":5,"pso_preload_remaining00":0,"pso_preload_remaining01":50,"pso_preload_remaining02":0,"pso_preload_remaining03":0,"pso_preload_remaining04":0,"pso_preload_remaining05":0,"pso_preload_remaining06":0,"pso_preload_remaining07":0,"pso_preload_remaining08":0,"pso_preload_remaining09":0,"pso_preload_built_flags00":-1,"pso_preload_built_flags01":0,"pso_preload_built_flags02":-1,"pso_preload_built_flags03":-1,"pso_preload_built_flags04":-1,"pso_preload_built_flags05":-1,"pso_preload_built_flags06":-1,"pso_preload_built_flags07":-1,"pso_preload_built_flags08":-1,"pso_preload_built_flags09":-1,"public_address":"047401EA-FB88DD7A-69075E1D-B602C797","region_code":"ww","strm_time_since_emerg_fflush":"[480, 540[","tactvfs_build_version":"1.20.1.15731062","tactvfs_interfaces_control":false,"tactvfs_in_use":true,"tactvfs_is_active":true,"tactvfs_is_shared_container":true,"tactvfs_is_using_armadillo":false,"tactvfs_product":"auks","taskgraph_options00":"0x00000000","taskgraph_options01":"0x00000000","taskgraph_options02":"0x00000000","taskgraph_options03":"0x00000000","taskgraph_options04":"0x00000000","taskgraph_options05":"0x00000000","taskgraph_options06":"0x00000000","taskgraph_options07":"0x00000000","taskgraph_options08":"0x00000000","taskgraph_options09":"0x00000000","taskgraph_options10":"0x00000000","taskgraph_options11":"0x00000000","taskgraph_options12":"0x00000000","taskgraph_options13":"0x00000000","taskgraph_options14":"0x00000000","tdr_ddi_delay":10,"tdr_debug_mode":2,"tdr_delay":20,"tdr_level":3,"tdr_limit_count":5,"tdr_limit_time":60,"tdr_test_mode":4294967295,"telescope_content":"blank","time_since_last_focus_change":"[50, 60[","time_since_last_reconfig":"[600, 660[","ui_menu_stack":"|MainLockoutMenu|","ui_menu_history":"|pop popup_signin_error|push popup_signin_error|pop MainMenu|push MainMenu|push MainLockoutMenu|","ui_menu_history_timestamps":"|539610|536670|536669|536669|536454|","ui_draw_list_max_size":32768,"ui_draw_list_size":4064,"ui_draw_list_usage":12402,"ui_elements_count":28,"ui_elements_limit":7000,"ui_element_usage":400,"ui_last_event":"timeReset","ui_last_pcall":"global EndEvent","ui_last_focus_stack":"|MouseButtonArea|","ui_focus_history":"||MouseButtonArea||BackButtonArrow||buttonListId||JuggernautDefaultMusic|buttonListId||buttonListId||JuggernautDefaultMusic|buttonListId||buttonListId||EditBox|SoundMonoAmount|buttonListId||buttonListId||EditBox|SubtitlesBackgroundOpacity|buttonListId||DropdownButton|Subtitles|LUIElement|buttonListId||buttonListId||VoiceChatOutputDevicePC|buttonListId||buttonListId||GenericFillBar|Volume|LUIElement|buttonListId|","ui_focus_history_timestamps":"|438098|436688|433426|432763|432503|432460|431606|431265|431037|430937|430291|429074|428885|428463|427126|","ui_last_menu":"popup_signin_error","ui_memory_limit":96256,"ui_memory_lua_limit":52839,"ui_memory_lua_usage":93183,"ui_memory_lua_used":49237,"ui_memory_lua_used_max":49237,"ui_memory_usage":54894,"ui_memory_used":52839,"ui_memory_used_max":52839,"ui_models_count":618,"ui_models_limit":33750,"ui_models_subs_count":8,"ui_models_subs_holder_count":3,"ui_models_subs_holder_limit":3000,"ui_models_subs_holder_usage":100,"ui_models_subs_limit":3000,"ui_models_subs_usage":266,"ui_models_usage":1831,"ui_root":12,"ui_tween_count":1,"ui_tween_limit":1200,"ui_tween_usage":83,"vidmem_available_mb":4256,"vidmem_budget_mb":5075,"vidmem_deficit_mb":0,"vidmem_expected_dedicated_mb":1427,"vidmem_expected_reserved_mb":395,"vidmem_expected_system_mb":353,"vidmem_sys_available_mb":6827,"vidmem_sys_budget_mb":7429,"vidmem_sys_deficit_mb":0,"vidmem_sys_high_watermark_mb":602,"vidmem_sys_used_mb":602,"vidmem_used_high_watermark_mb":818,"vidmem_used_mb":818,"visual_studio_version":"Visual Studio 19.29.30145.00","watchdg_main_thrd_timeout_ms":90000,"win_error_report_status":"0x00000000","window_state":"OutOfFocus","xbox_game_bar_overlay_active":false,"xfile_ver":8372,"extch_perf_commit_limit_mb":43368,"extch_perf_commit_peak_mb":20014,"extch_perf_commit_total_mb":15411,"extch_perf_phys_avail_mb":4989,"extch_perf_phys_total_mb":16179,"extch_perf_system_cache_mb":5726,"extch_perf_kernel_paged_mb":624,"extch_perf_kernel_nopaged_mb":795,"extch_perf_kernel_total_mb":1420,"extch_perf_page_size":4096,"extch_perf_handle_count":108408,"extch_perf_process_count":233,"extch_perf_thread_count":3419,"extch_pmem_page_fault_count":9298962,"extch_pmem_working_set_sz_mb":4609,"extch_pmem_paged_pool_use_mb":1,"extch_pmem_nopaged_pool_use_mb":3,"extch_pmem_page_file_use_mb":6376,"extch_pmem_peak_wrkngset_sz_mb":5351,"extch_pmem_peak_pgdpool_use_mb":1,"extch_pmem_peak_nopgdpl_use_mb":3,"extch_pmem_peak_pgdfile_use_mb":7598,"extch_hw_baseboard_manufact":"Alienware","extch_hw_baseboard_product":"03R2RY","extch_hw_baseboard_version":"A00","extch_hw_bios_version":"2.18.0","extch_hw_bios_release_date":"02/14/2023","extch_hw_cpu_microcode_ver":"00 00 00 00 FFFFFFF0 00 00 00","extch_hw_cpu_bios_mcrcode_ver":"00 00 00 00 FFFFFFF0 00 00 00","extch_hw_cpu_family_model":"Intel64 Family 6 Model 158 Stepping 10","extch_hw_cpu_plat_spec_field_1":32,"extch_hw_cpu_feature_set":823869439,"extch_hw_cpu_frequency":2208,"extch_os_win_info_version":"2009","extch_os_win_info_build":"22621","extch_os_win_info_family":"Windows 10 Home","extch_os_win_info":"Windows 10 Home, Version 2009, ( OS Build 22621 )","extch_user_feedback_received":false}