UsedInCrashSignature,FrameIndex,FrameAddress,FrameAdjustedAddress,ModuleBaseAddress,ModuleName
0,16,0x00007FFD016AF3D4,0x000000000009F3D4,0x00007FFD01610000,C:\WINDOWS\SYSTEM32\ntdll.dll
0,15,0x00007FFD01665193,0x0000000000055193,0x00007FFD01610000,C:\WINDOWS\SYSTEM32\ntdll.dll
0,14,0x00007FFCFEC44B2D,0x0000000000044B2D,0x00007FFCFEC00000,C:\WINDOWS\System32\KERNELBASE.dll
1,13,0x00007FF7403FAAA8,0x000000000840AAA8,0x00007FF737FF0000,D:\Call of Duty\_retail_\cod.exe
1,12,0x00007FF73D7557BD,0x00000000057657BD,0x00007FF737FF0000,D:\Call of Duty\_retail_\cod.exe
1,11,0x00007FF73D75666F,0x000000000576666F,0x00007FF737FF0000,D:\Call of Duty\_retail_\cod.exe
1,10,0x00007FF73D75499E,0x000000000576499E,0x00007FF737FF0000,D:\Call of Duty\_retail_\cod.exe
1,9,0x00007FF73A32B86B,0x000000000233B86B,0x00007FF737FF0000,D:\Call of Duty\_retail_\cod.exe
1,8,0x00007FF73A326769,0x0000000002336769,0x00007FF737FF0000,D:\Call of Duty\_retail_\cod.exe
1,7,0x00007FF73A32622D,0x000000000233622D,0x00007FF737FF0000,D:\Call of Duty\_retail_\cod.exe
1,6,0x00007FF73B3E53C8,0x00000000033F53C8,0x00007FF737FF0000,D:\Call of Duty\_retail_\cod.exe
0,5,0x00007FF73B3DFDB7,0x00000000033EFDB7,0x00007FF737FF0000,D:\Call of Duty\_retail_\cod.exe
0,4,0x00007FF73BFA927A,0x0000000003FB927A,0x00007FF737FF0000,D:\Call of Duty\_retail_\cod.exe
0,3,0x00007FF740425262,0x0000000008435262,0x00007FF737FF0000,D:\Call of Duty\_retail_\cod.exe
0,2,0x00007FFCFF88257D,0x000000000001257D,0x00007FFCFF870000,C:\WINDOWS\System32\KERNEL32.DLL
0,1,0x00007FFD0166AA68,0x000000000005AA68,0x00007FFD01610000,C:\WINDOWS\SYSTEM32\ntdll.dll
#,,,,,Number of frames captured: 16
#,,,,,Crash signature generated - based on 8 frames : 0CBC1D5F-4B5DCF22-25F76BF3-6205D175
